curtishoffman@example.com,Curtis Hoffman
aliciaroberts@example.com,Alicia Roberts
scottperry@example.com,Scott Perry
pamelablake@example.com,Pamela Blake
virginiablair@example.com,Virginia Blair
rebeccadavis@example.com,Rebecca Davis
sarahmorgan@example.com,Sarah Morgan
brianbishop@example.com,Brian Bishop
samuelmiles@example.com,Samuel Miles
jennasmith@example.com,Jenna Smith
brianmaddox@example.com,Brian Maddox
williamavila@example.com,William Avila
mrs.elizabethburke@example.com,Mrs. Elizabeth Burke
kellyfernandez@example.com,Kelly Fernandez
thomasholt@example.com,Thomas Holt
nicholasbrown@example.com,Nicholas Brown
nicholascohen@example.com,Nicholas Cohen
sheriford@example.com,Sheri Ford
janicejohnson@example.com,Janice Johnson
jacquelinemcgee@example.com,Jacqueline Mcgee
donfrye@example.com,Don Frye
richardmunoz@example.com,Richard Munoz
frankweaver@example.com,Frank Weaver
bonniejohnson@example.com,Bonnie Johnson
lesliehendrix@example.com,Leslie Hendrix
christinaclark@example.com,Christina Clark
christophergarcia@example.com,Christopher Garcia
meredithwilliams@example.com,Meredith Williams
jeffreygriffin@example.com,Jeffrey Griffin
johnroberts@example.com,John Roberts
markhill@example.com,Mark Hill
racheljackson@example.com,Rachel Jackson
jonathanherrera@example.com,Jonathan Herrera
michelemcfarland@example.com,Michele Mcfarland
annescott@example.com,Anne Scott
lauraandrade@example.com,Laura Andrade
marywade@example.com,Mary Wade
tylermiller@example.com,Tyler Miller
ashleyruiz@example.com,Ashley Ruiz
thomaswilliams@example.com,Thomas Williams
stevenkline@example.com,Steven Kline
stevenmaldonado@example.com,Steven Maldonado
richardcampbell@example.com,Richard Campbell
shannonjohnson@example.com,Shannon Johnson
alisonwalker@example.com,Alison Walker
randallwilson@example.com,Randall Wilson
angelacarlson@example.com,Angela Carlson
shellybartlett@example.com,Shelly Bartlett
frederickwilkins@example.com,Frederick Wilkins
mrs.kellyfloresmd@example.com,Mrs. Kelly Flores MD
charlesyang@example.com,Charles Yang
amandapitts@example.com,Amanda Pitts
christopherlopez@example.com,Christopher Lopez
michaelperry@example.com,Michael Perry
michaeldanielsjr.@example.com,Michael Daniels Jr.
kellirichardson@example.com,Kelli Richardson
ronaldlambert@example.com,Ronald Lambert
peggyross@example.com,Peggy Ross
lindseyperez@example.com,Lindsey Perez
robinhill@example.com,Robin Hill
larryrose@example.com,Larry Rose
craigwilliams@example.com,Craig Williams
jessicafuller@example.com,Jessica Fuller
robertowens@example.com,Robert Owens
gregoryevans@example.com,Gregory Evans
sarazamora@example.com,Sara Zamora
rubentaylor@example.com,Ruben Taylor
johnmiller@example.com,John Miller
ronniecook@example.com,Ronnie Cook
brentking@example.com,Brent King
kristenwade@example.com,Kristen Wade
michelemacias@example.com,Michele Macias
breannacruz@example.com,Breanna Cruz
heatherdominguez@example.com,Heather Dominguez
davidcox@example.com,David Cox
jamesstewart@example.com,James Stewart
shawnsmithjr.@example.com,Shawn Smith Jr.
donmoore@example.com,Don Moore
larryshaffer@example.com,Larry Shaffer
johnsmith@example.com,John Smith
daniellephillips@example.com,Danielle Phillips
joshuachapman@example.com,Joshua Chapman
davidreed@example.com,David Reed
juliegreen@example.com,Julie Green
kurtchung@example.com,Kurt Chung
jessecastro@example.com,Jesse Castro
christopherfrazier@example.com,Christopher Frazier
henrywright@example.com,Henry Wright
randylewis@example.com,Randy Lewis
nataliethomas@example.com,Natalie Thomas
richardcoleman@example.com,Richard Coleman
timothyreid@example.com,Timothy Reid
davidbrown@example.com,David Brown
hollyhays@example.com,Holly Hays
johnperry@example.com,John Perry
sarasantos@example.com,Sara Santos
keithlivingston@example.com,Keith Livingston
deborahgomez@example.com,Deborah Gomez
michaelchen@example.com,Michael Chen